mean,std
2.8910322189331055,0.16951310634613037
