mean,mean+std,mean-std,std
2.9322267,3.1085927,2.7558606,0.17636612
2.7700276,3.0056965,2.5343587,0.2356689
