mean,std
2.734111785888672,0.1890580952167511
2.5489602088928223,0.12021021544933319
2.786301374435425,0.12559174001216888
2.985483407974243,0.1128024011850357
